YouTube,CBS,2 Broke Girls,https://gdata.youtube.com/feeds/base/users/2brokeGirls/uploads
News,CBS News,48 Hours,http://www.cbsnews.com/latest/rss/48-hours
News,CBS News,60 Minutes,http://www.cbsnews.com/latest/rss/60-minutes        
YouTube,NBC,A to Z,https://gdata.youtube.com/feeds/base/users/NBCAtoZ/uploads
Opinion,The Hill,A.B. Stoddard,http://thehill.com/taxonomy/term/1118/feed
YouTube,NBC,About a Boy,https://gdata.youtube.com/feeds/base/users/NBCAboutaBoy/uploads
Sports,ESPN,ACC,http://espn.go.com/blog/feed?blog=acc   
Sports,ESPN,Adam-Rittenberg   ,http://search.espn.go.com/rss/adam-rittenberg/   
Health,Consumer Product Safety  Commission,Adler Statements,http://www.cpsc.gov/en/Newsroom/CPSC-RSS-Feed/Adler-Statements/
News,The Hill,Administration,http://thehill.com/taxonomy/term/1132/feed
Sports,ESPN,AFC East,http://espn.go.com/blog/feed?blog=afceast   
Political,Library of Congress,AFC Events,http://www.loc.gov/rss/afc/events.xml
Sports,ESPN,AFC North,http://espn.go.com/blog/feed?blog=afcnorth   
Sports,ESPN,AFC South,http://espn.go.com/blog/feed?blog=afcsouth   
Sports,ESPN,AFC West,http://espn.go.com/blog/feed?blog=afcwest   
Technology,Ars Technica,All,http://feeds.arstechnica.com/arstechnica/index?format=xml
Opinion,The Hill,All Columnists,http://thehill.com/rss/syndicator/19137
News,MSNBC,All In with Chris Hayes,http://www.msnbc.com/feeds/rss/show/44817
Health,Consumer Product Safety  Commission,All Recalls RSS,http://www.cpsc.gov/en/Newsroom/CPSC-RSS-Feed/All-Recalls-RSS/
Health,MedPage Today,Allergy & Immunology,http://www.medpagetoday.com/rss/AllergyImmunology.xml
Finance,USNews.com,Alpha Consumer ,http://www.usnews.com/blogrss/alpha-consumer
YouTube,NBC,America's Got Talent,https://gdata.youtube.com/feeds/base/users/AmericasGotTalent/uploads
YouTube,NBC,American Ninja Warrior,https://gdata.youtube.com/feeds/base/users/AmericanNinjaWarrior/uploads
News,BBC,Americas: World Edition,http://newsrss.bbc.co.uk/rss/newsonline_world_edition/americas/rss.xml
Sports,ESPN,Amy-Nelson   ,http://search.espn.go.com/rss/amy-nelson/   
Sports,ESPN,Andy Glockner    ,http://search.espn.go.com/rss/andy-glockner/  
Sports,ESPN,Andy Katz    ,http://search.espn.go.com/rss/andy-katz/   
Health,MedPage Today,Anesthesiology,http://www.medpagetoday.com/rss/Anesthesiology.xml
Photos,Animal of the Day,Animal of the Day,http://feeds.feedburner.com/animals
Health,Consumer Product Safety  Commission,Appliances Technical Report,http://www.cpsc.gov/en/Newsroom/CPSC-RSS-Feed/Appliances-Technical-Report-/
Sports,Major League Baseball,Arizona Diamondbacks,http://mlb.mlb.com/partnerxml/gen/news/rss/ari.xml
Education,Smarbrief,ASCD,http://www.smartbrief.com/servlet/rss?b=ASCD
Finance,Forbes,Asia News,http://www.forbes.com/asia_news/index.xml
Sports,Major League Baseball,Atlanta Braves,http://mlb.mlb.com/partnerxml/gen/news/rss/atl.xml
Health,Consumer Product Safety  Commission,ATV Injury Statistics,http://www.cpsc.gov/en/Newsroom/CPSC-RSS-Feed/ATV-Injury-Statistics/
Weather,FEMA,Audio,http://www.fema.gov/media-library/assets/audio/rss.xml
Finance,Market Watch,Automotive Reviews,http://www.marketwatch.com/rss/Autoreviews
Finance,Forbes,Autos,http://www.forbes.com/autos/index.xml
Sports,ESPN,Autos Headlines   ,http://sports.espn.go.com/espn/rss/rpm/news
YouTube,NBC,Bad Judge,https://gdata.youtube.com/feeds/base/users/NBCBadJudge/uploads
News,The Hill,Ballot Box,http://thehill.com/taxonomy/term/29/feed
Sports,Major League Baseball,Baltimore Orioles,http://mlb.mlb.com/partnerxml/gen/news/rss/bal.xml
Finance,Market Watch,Banking & Financial Services,http://www.marketwatch.com/rss/financial
Finance,Charlotte Observer,Banking News,http://www.charlotteobserver.com/138/index.rss
Sports,ESPN,Barry Melrose   ,http://search.espn.go.com/rss/barry-melrose/   
Sports,ESPN,Beano-Cook   ,http://search.espn.go.com/rss/beano-cook/   
Sports,ESPN,Big 12,http://espn.go.com/blog/feed?blog=big12   
YouTube,CBS,Big Brother ,https://gdata.youtube.com/feeds/base/users/bigbrother/uploads
Sports,ESPN,Big East,http://espn.go.com/blog/feed?blog=bigeast   
Sports,ESPN,Big Ten,http://espn.go.com/blog/feed?blog=bigten   
Opinion,The Hill,Bill Press,http://thehill.com/taxonomy/term/1916/feed
Sports,ESPN,Bill Simmons     ,http://search.espn.go.com/rss/bill-simmons/   
Sports,ESPN,Bill Williamson    ,http://search.espn.go.com/rss/bill-williamson/   
Political,Library of Congress,Bills Presented to the President,http://thomas.loc.gov/home/rss/presentedtopresident.xml
Weather,FEMA,Blog,http://www.fema.gov/data/blog.rss
Political,Library of Congress,Blog,http://blogs.loc.gov/loc/feed/
Entertainment,Hulu,Blog,http://rss.hulu.com/HuluBlog
Opinion,The Hill,Blog Briefing Room,http://thehill.com/taxonomy/term/16/feed
Political,Whitehouse.gov,Blog Feed,http://www.whitehouse.gov/feed/blog/white-house
Health,MedPage Today,Blogs,http://www.medpagetoday.com/rss/Blogs.xml
YouTube,CBS,Blue Bloods,https://gdata.youtube.com/feeds/base/users/BlueBloods/uploads
Finance,Forbes,Bonds,http://www.forbes.com/bonds/index.xml
Sports,Major League Baseball,Boston Red Sox,http://mlb.mlb.com/partnerxml/gen/news/rss/bos.xml
Sports,ESPN,Boxing Headlines   ,http://sports.espn.go.com/espn/rss/boxing/news
Finance,Market Watch,Breaking News Bulletins  ,http://feeds.marketwatch.com/marketwatch/bulletins
News,Charlotte Observer,Breaking Stories,http://www.charlotteobserver.com/breaking/index.rss
Opinion,The Hill,Brent Budowsky,http://thehill.com/taxonomy/term/1120/feed
Video,BBC,Business,http://feeds.bbci.co.uk/news/video_and_audio/business/rss.xml?edition=uk
News,BBC,Business,http://feeds.bbci.co.uk/news/business/rss.xml?edition=uk
Finance,Forbes,Business,http://www.forbes.com/business/index.xml
Business,AP,Business,http://hosted2.ap.org/atom/APDEFAULT/f70471f764144b2fab526d39972d37b3
Business,Sky,Business,http://news.sky.com/feeds/rss/business.xml
Business,News.com.au,Business,http://feeds.news.com.au/public/rss/2.0/business_top_stories_346.xml 
Business,The Hill,Business &amp; Lobbying,http://thehill.com/taxonomy/term/20/feed
Sports,ESPN,Buster-Olney   ,http://search.espn.go.com/rss/buster-olney/   
News,The Hill,Campaign,http://thehill.com/taxonomy/term/1077/feed
Health,Consumer Product Safety  Commission,Carbon Monoxide Injury Statistics,http://www.cpsc.gov/en/Newsroom/CPSC-RSS-Feed/Carbon-Monoxide-Injury-Statistics/
Health,MedPage Today,Cardiovascular,http://www.medpagetoday.com/rss/Cardiology.xml
Technology,Ars Technica,Cars Technica,http://feeds.arstechnica.com/arstechnica/cars?format=xml
YouTube,CBS,CBS,https://gdata.youtube.com/feeds/base/userss/CBS/uploads
YouTube,CBS,CBS Evening News ,https://gdata.youtube.com/feeds/base/users/CBSEveningNews/uploads
News,CBS News,CBS investigates,http://www.cbsnews.com/feeds/rss/cbsnews_investigates.rss
YouTube,CBS,CBS News ,https://gdata.youtube.com/feeds/base/users/CBSNewsOnline/uploads
News,CBS News,CBS News Video,http://www.cbsnews.com/latest/rss/video
YouTube,CBS,CBS Sports,https://gdata.youtube.com/feeds/base/users/CBSSports/uploads
News,CBS News,CBS This Morning,http://www.cbsnews.com/latest/rss/cbs-this-morning
YouTube,CBS,CBS This Morning ,https://gdata.youtube.com/feeds/base/users/CBSThisMorning/uploads
Political,Library of Congress,Center for the Book and read.gov,http://www.loc.gov/rss/cfb/news.xml
Sports,ESPN,Chad Ford   ,http://search.espn.go.com/rss/chad-ford/   
Health,Consumer Product Safety  Commission,Chairman Tenenbaum Statements,http://www.cpsc.gov/en/Newsroom/CPSC-RSS-Feed/Chairman-Tenenbaum-Statements/
Health,Consumer Product Safety  Commission,Chairman's Speeches,http://www.cpsc.gov/en/Newsroom/CPSC-RSS-Feed/Chairmans-Speeches/
Sports,ESPN,Charlie Creme     ,http://search.espn.go.com/rss/charlie-creme/   
Opinion,The Hill,Cheri Jacobus,http://thehill.com/taxonomy/term/1121/feed
Sports,Major League Baseball,Chicago Cubs,http://mlb.mlb.com/partnerxml/gen/news/rss/chc.xml
YouTube,NBC,Chicago Fire,https://gdata.youtube.com/feeds/base/users/nbcChicagoFire/uploads
YouTube,NBC,Chicago PD,https://gdata.youtube.com/feeds/base/users/NBCChicagoPD/uploads
Sports,Major League Baseball,Chicago White Sox,http://mlb.mlb.com/partnerxml/gen/news/rss/cws.xml
Health,Safercar.gov,Child Safety Seat Recalls,http://www-odi.nhtsa.dot.gov/rss/feeds/rss_recalls_C.xml
YouTube,CBS,CHOW,https://gdata.youtube.com/feeds/base/users/CHOW/uploads
Sports,ESPN,Chris Broussard    ,http://search.espn.go.com/rss/chris-broussard/   
Sports,ESPN,Chris Mortensen    ,http://search.espn.go.com/rss/chris-mortensen/  
Sports,ESPN,Chris Sheridan     ,http://search.espn.go.com/rss/chris-sheridan/   
Sports,ESPN,Chris-Low   ,http://search.espn.go.com/rss/chris-low/   
Political,Library of Congress,Chronicling America: Historic American Newspapers,http://www.loc.gov/rss/ndnp/ndnp.xml
Health,Consumer Product Safety  Commission,Cigarettes Technical Reports,http://www.cpsc.gov/en/Newsroom/CPSC-RSS-Feed/Cigarettes-Technical-Reports-/
Sports,Major League Baseball,Cincinnati Reds,http://mlb.mlb.com/partnerxml/gen/news/rss/cin.xml
Sports,Major League Baseball,Cleveland Indians,http://mlb.mlb.com/partnerxml/gen/news/rss/cle.xml
Finance,Forbes,CMO Network,http://www.forbes.com/cmo-network/index.xml
YouTube,CBS,CNET ,https://gdata.youtube.com/feeds/base/users/CNETTV/uploads
Political,Library of Congress,Collections Preservation,http://www.loc.gov/rss/preserv/news.xml
Sports,ESPN,College Football Headlines   ,http://sports.espn.go.com/espn/rss/ncf/news
Sports,ESPN,College Football Nation,http://espn.go.com/blog/feed?blog=ncfnation   
Sports,ESPN,College Sports Headlines,http://sports.espn.go.com/espn/rss/ncaa/news
Sports,Major League Baseball,Colorado Rockies,http://mlb.mlb.com/partnerxml/gen/news/rss/col.xml
Finance,Market Watch,Commentary,http://www.marketwatch.com/rss/commentary
Health,Consumer Product Safety  Commission,Commission Briefing Packages,http://www.cpsc.gov/en/Newsroom/CPSC-RSS-Feed/Commission-Briefing-Packages/
Health,Consumer Product Safety  Commission,Commissioner Buerkle Statements,http://www.cpsc.gov/en/Newsroom/CPSC-RSS-Feed/Commissioner-Buerkle-Statements-/
Finance,FDIC,Conferences & Events - Recent Updates,https://public.govdelivery.com/topics/USFDIC_17/feed.rss
News,The Hill,Congress Blog,http://thehill.com/taxonomy/term/17/feed
YouTube,NBC,Constantine,https://gdata.youtube.com/feeds/base/users/NBCConstantine/uploads
Finance,FDIC,Consumer Alerts - Recent Updates,https://public.govdelivery.com/topics/USFDIC_117/feed.rss
Finance,FDIC,Consumer News - Recent Updates,https://public.govdelivery.com/topics/USFDIC_15/feed.rss
Political,U.S. Department of Defense,Contract - U.S. Dept. of Defense,http://www.defense.gov/news/rss_contracts2.xml
News,The Hill,Contributors,http://thehill.com/taxonomy/term/18/feed
Political,Library of Congress,Copyright Matters: Digitization and Public Access,http://blogs.loc.gov/copyrightdigitization/feed/
Political,Library of Congress,Copyright Matters: Digitization and Public Access,http://blogs.loc.gov/copyrightdigitization/feed/
YouTube,CBS,Criminal Minds,https://gdata.youtube.com/feeds/base/users/CriminalMinds/uploads
Health,MedPage Today,Critical Care,http://www.medpagetoday.com/rss/CriticalCare.xml
YouTube,NBC,Crossbones,https://gdata.youtube.com/feeds/base/users/nbcCrossbones/uploads
Political,Library of Congress,CRS Employment Opportunities,http://www.loc.gov/rss/crs/jobs/jobs.xml
YouTube,CBS,CSI: Crime Scene Investigation,https://gdata.youtube.com/feeds/base/users/CSI/uploads
Finance,NYSE,CTA Announcements,http://feeds2.feedburner.com/CtaAnnouncements
Sports,ESPN,Curtis-Granderson   ,http://search.espn.go.com/rss/curtis-granderson/   
YouTube,CW,CWtelevision,https://gdata.youtube.com/feeds/base/userss/cwtelevision/uploads
Political,Library of Congress,Daily Digest,http://thomas.loc.gov/home/rss/dd.xml
Sports,ESPN,Damien Cox   ,http://search.espn.go.com/rss/damien-cox/   
Sports,ESPN,Dana O'Neil    ,http://search.espn.go.com/rss/dana-o-neil/   
Opinion,USNews.com,Data Mine ,http://www.usnews.com/blogrss/data-mine
Sports,ESPN,David Amber   ,http://search.espn.go.com/rss/david-amber/   
Opinion,The Hill,David Hill,http://thehill.com/taxonomy/term/1122/feed
Photos,David Kleinert Photography,David Kleinert Photography,http://davidkphotography.com/index.php?x=rss
Sports,ESPN,David Thorpe        ,http://search.espn.go.com/rss/david-thorpe/   
News,The Hill,Defense,http://thehill.com/taxonomy/term/39/feed
News,DoDLive,Department of Defense Blog,http://www.dodlive.mil/index.php/feed/
Finance,FDIC,Deposit Insurance Updates - Recent Updates,https://public.govdelivery.com/topics/USFDIC_122/feed.rss
Health,MedPage Today,Dermatology,http://www.medpagetoday.com/rss/Dermatology.xml
Sports,Major League Baseball,Detroit Tigers,http://mlb.mlb.com/partnerxml/gen/news/rss/det.xml
Opinion,The Hill,Dick Morris,http://thehill.com/taxonomy/term/1124/feed
Sports,ESPN,Dick Vitale    ,http://search.espn.go.com/rss/dick-vitale/   
Political,Library of Congress,Digital Preservation Outreach and Education (DPOE) Training Calendar,http://www.loc.gov/rss/dpoe/updates.xml
Political,Library of Congress,Dispatches from the Veterans History Project,http://www.loc.gov/rss/vhp/vhp.xml
Sports,ESPN,DJ Gallo     ,http://search.espn.go.com/rss/d-j-gallo/   
Weather,FEMA,Documents,http://www.fema.gov/media-library/assets/documents/rss.xml
Political,U.S. Department of Defense,DoD News Feed,http://www.defense.gov/news/afps2.xml
Video,YouTube,Doug Benson,https://www.youtube.com/rss/user/DougBensonVPN.rss
Sports,ESPN,Doug Gottlieb    ,http://search.espn.go.com/rss/doug-gottlieb/   
Sports,ESPN,Doug Kretz    ,http://search.espn.go.com/rss/doug-kretz/   
Political,Library of Congress,DRS Virtual Programs,http://www.loc.gov/rss/virtualprograms/news.xml
Entertainment,EarthCam,EarthCam,http://www.earthcam.com/rss.php
Health,USNews.com,Eat + Run ,http://www.usnews.com/blogrss/eat-run
Opinion,USNews.com,Editor's Note ,http://www.usnews.com/blogrss/editors-note
Opinion,The Hill,Editorials,http://thehill.com/taxonomy/term/1114/feed
Finance,Forbes,Education,http://www.forbes.com/education/index.xml
Education,New York Times,Education,http://feeds.nytimes.com/nyt/rss/Education
Education,USNews.com,Education ,http://www.usnews.com/rss/education
News,BBC,Education & Family,http://feeds.bbci.co.uk/news/education/rss.xml?edition=uk
Sports,ESPN,Ej Hradek   ,http://search.espn.go.com/rss/ej-hradek/   
Health,Consumer Product Safety  Commission,Electrical GFCI and AFCI Technical Reports,http://www.cpsc.gov/en/Newsroom/CPSC-RSS-Feed/Electrical-GFCI-and-AFCI-Technical-Reports-/
YouTube,CBS,Elementary,https://gdata.youtube.com/feeds/base/users/cbselementary/uploads
Health,MedPage Today,Emergency Medicine,http://www.medpagetoday.com/rss/EmergencyMedicine.xml
Health,MedPage Today,Endocrinology,http://www.medpagetoday.com/rss/Endocrinology.xml
Finance,Forbes,Energy,http://www.forbes.com/energy/index.xml
News,The Hill,Energy &amp; Environment,http://thehill.com/taxonomy/term/28/feed
Video,BBC,England,http://feeds.bbci.co.uk/news/england/rss.xml?edition=uk
Sports,ESPN,Enrique-Rojas   ,http://search.espn.go.com/rss/enrique-rojas/   
Entertainment,Fox,Entertainment,http://feeds.foxnews.com/foxnews/entertainment?format=xml
Entertainment,NBC,Entertainment,http://feeds.nbcnews.com/feeds/entertainment
Entertainment,AP,Entertainment,http://hosted2.ap.org/atom/APDEFAULT/4e67281c3f754d0696fbfdee0f3f1469
Entertainment,CBS News,Entertainment,http://www.cbsnews.com/latest/rss/entertainment
Entertainment,Sky,Entertainment,http://news.sky.com/feeds/rss/entertainment.xml
Entertainment,News.com.au,Entertainment,http://feeds.news.com.au/public/rss/2.0/news_ent_3169.xml
News,BBC,Entertainment & Arts,http://feeds.bbci.co.uk/news/entertainment_and_arts/rss.xml?edition=uk
Video,BBC,Entertainment and Arts,http://feeds.bbci.co.uk/news/video_and_audio/entertainment_and_arts/rss.xml?edition=uk
YouTube,CBS,Entertainment Tonight,https://gdata.youtube.com/feeds/base/users/EntertainmentTonight/uploads
Finance,Forbes,Entrepreneurs,http://www.forbes.com/entrepreneurs/index.xml
Sports,ESPN,Eric-Neel     ,http://search.espn.go.com/rss/eric-neel/   
Finance,Forbes,Europe News,http://www.forbes.com/europe_news/index.xml
News,CBS News,Evening News,http://www.cbsnews.com/latest/rss/evening-news        
Kids,Library of Congress,Exquisite Corpse Adventure,http://www.loc.gov/rss/read/eca.xml
YouTube,CBS,Extant,https://gdata.youtube.com/feeds/base/users/CBSExtant/uploads
News,CBS News,Face The Nation,http://www.cbsnews.com/latest/rss/face-the-nation
Health,FDA.gov,FDA Consumer Health Information Updates,http://www.fda.gov/AboutFDA/ContactFDA/StayInformed/RSSFeeds/Consumers/rss.xml
Health,FDA.gov,FDA Drug Info Rounds,http://www.fda.gov/downloads/Drugs/ResourcesForYou/HealthProfessionals/UCM220293.xml
Health,FDA.gov,FDA Drug Info Rounds,http://www.fda.gov/downloads/Drugs/ResourcesForYou/HealthProfessionals/UCM220293.xml
Health,FDA.gov,FDA Drug Shortages,http://www.fda.gov/downloads/Drugs/DrugSafety/DrugShortages/UCM163172.xml
Health,FDA.gov,FDA Food Allergies Feed,http://www.fda.gov/AboutFDA/ContactFDA/StayInformed/RSSFeeds/FoodAllergies/rss.xml
Health,FDA.gov,FDA Food Safety RSS Feed,http://www.fda.gov/AboutFDA/ContactFDA/StayInformed/RSSFeeds/FoodSafety/rss.xml
Health,FDA.gov,FDA Patient Safety News,http://www.accessdata.fda.gov/scripts/cdrh/cfdocs/psn/podcast.cfm
Health,FDA.gov,FDA Voice,http://blogs.fda.gov/fdavoice/?feed=rss
Finance,FDIC,FDIC & Open Government - Recent Updates,https://public.govdelivery.com/topics/USFDIC_95/feed.rss
Finance,FDIC,FDIC Board Meetings - Recent Updates,https://public.govdelivery.com/topics/USFDIC_11/feed.rss
Finance,FDIC,FDIC Quarterly - Recent Updates,https://public.govdelivery.com/topics/USFDIC_34/feed.rss
Finance,FDIC,FDIC State Profiles - Recent Updates,https://public.govdelivery.com/topics/USFDIC_30/feed.rss
Technology,Ars Technica,Features,http://feeds.arstechnica.com/arstechnica/features?format=xml
Health,Consumer Product Safety  Commission,Federal Register Notices,http://www.cpsc.gov/en/Newsroom/CPSC-RSS-Feed/Federal-Register-Notices/
Weather,FEMA,FEMA Housing Portal RSS feed,http://asd.fema.gov/inter/hportal/housingPortalRSS.htm
Weather,FEMA,FEMA: Federal Disaster Declarations,http://www.fema.gov/data/disasters.rss
Weather,FEMA,FEMA: Federal Emergency Declarations,http://www.fema.gov/data/disasters_emergency.rss
Weather,FEMA,FEMA: Federal Fire Management Assistance Declarations,http://www.fema.gov/data/disasters_fire.rss
Weather,FEMA,FEMA: Federal Major Disaster Declarations,http://www.fema.gov/data/disasters_major.rss
Live Channels,Explore.org,Films,http://explore.org/rss/videos/
Finance,The Hill,Finance,http://thehill.com/taxonomy/term/30/feed
Finance,FDIC,Financial Institution Letters - Recent Updates,https://public.govdelivery.com/topics/USFDIC_19/feed.rss
Finance,FDIC,Financial Reform - Recent Updates,https://public.govdelivery.com/topics/USFDIC_104/feed.rss
Political,Library of Congress,Finding Aids,http://findingaids.loc.gov/static/rss/rss_findingaids_news.xml
News,The Hill,Floor Action,http://thehill.com/taxonomy/term/36/feed
Political,Library of Congress,Folklife Today,http://blogs.loc.gov/folklife/feed/
Political,Library of Congress,Folklife Today,http://blogs.loc.gov/folklife/feed/
Health,FDA.gov,Food and Drug Administration Drug Safety Podcast,http://www.fda.gov/downloads/Drugs/DrugSafety/DrugSafetyPodcasts/UCM276120.xml
Health,FDA.gov,Food and Drug Administration--Enforcement Report,http://www.accessdata.fda.gov/scripts/enforcement/rss/rss.xml
Health,FDA.gov,Food and Drug Administration--Press Releases,http://www.fda.gov/AboutFDA/ContactFDA/StayInformed/RSSFeeds/PressReleases/rss.xml
Health,FDA.gov,Food and Drug Administration--Recalls/Safety Alerts,http://www.fda.gov/AboutFDA/ContactFDA/StayInformed/RSSFeeds/Recalls/rss.xml
Health,FDA.gov,Food and Drug Adminstration (FDA): CDRHNew,http://www.accessdata.fda.gov/scripts/cdrh/cfdocs/cfTopic/cdrhnew-rss.cfm
Finance,Forbes,ForbesWoman,http://www.forbes.com/forbeswoman/index.xml
Sports,ESPN,Fran Fraschilla    ,http://search.espn.go.com/rss/fran-fraschilla/  
Entertainment,NPR,Fresh Air with Terry Gross,http://www.npr.org/rss/rss.php?id=13
Political,Library of Congress,From the Catbird Seat: Poetry & Literature at the Library of Congress,http://blogs.loc.gov/catbird/feed/
Political,Library of Congress,From the Catbird Seat: Poetry & Literature at the Library of Congress,http://blogs.loc.gov/catbird/feed/
News,PBS,Frontline,http://www.pbs.org/wgbh/pages/frontline/rss/files.xml
Health,Consumer Product Safety  Commission,Fuel Lighters Fireworks Technical Reports,http://www.cpsc.gov/en/Newsroom/CPSC-RSS-Feed/Fuel-Lighters-Fireworks-Technical-Reports/
Health,Consumer Product Safety  Commission,"Fuel, Lighters and Fireworks Injury Statistics",http://www.cpsc.gov/en/Newsroom/CPSC-RSS-Feed/Fuel-Lighters-and-Fireworks-Injury-Statistics/
Health,Consumer Product Safety  Commission,Furnaces and Other Heaters Technical Report,http://www.cpsc.gov/en/Newsroom/CPSC-RSS-Feed/Furnaces-and-Other-Heaters-Technical-Report-/
Technology,Time,Gadget of the Week,http://feeds.feedburner.com/time/gadgetoftheweek
Sports,"WIST.com : Columbia, SC",Gamecock TV,http://www.wistv.com/Global/category.asp?C=69606&clienttype=rssvideo
Technology,CBS News,Gamecore,http://www.cbsnews.com/latest/rss/scitech-gamecore
YouTube,CBS,GameSpot,https://gdata.youtube.com/feeds/base/users/gamespot/uploads
Health,MedPage Today,Gastroenterology,http://www.medpagetoday.com/rss/Gastroenterology.xml
Technology,Ars Technica,Gear & Gadgets,http://feeds.arstechnica.com/arstechnica/gadgets?format=xml
Sports,ESPN,Gene-Wojciechowski,http://search.espn.go.com/rss/gene-wojciechowski/   
Health,MedPage Today,Genetics,http://www.medpagetoday.com/rss/Genetics.xml
Sports,ESPN,George Johnson   ,http://search.espn.go.com/rss/george-johnson/   
Health,MedPage Today,Geriatrics,http://www.medpagetoday.com/rss/Geriatrics.xml
News,GobiernoUSA.gov,GobiernoUSA.gov,http://www.usa.gov/gobiernousa/rss/actualizaciones-articulos.xml?WT.rss_f=ultimas+noticias+por+RSS+de+GobiernoUSA.gov&WT.rss_ev=s
Sports,ESPN,Golf Headlines   ,http://sports.espn.go.com/espn/rss/golf/news
Sports,ESPN,Graham Hays    ,http://search.espn.go.com/rss/graham-hays/   
Sports,ESPN,Grantland        ,http://www.grantland.com/feed   
Grants,Grants.gov,Grants Modified Opportunity List by Agency,http://www.grants.gov/rss/GG_OppModByAgency.xml
Grants,Grants.gov,Grants Modified Opportunity List by Category,http://www.grants.gov/rss/GG_OppModByCategory.xml
Grants,Grants.gov,Grants New Opportunity List by Agency,http://www.grants.gov/rss/GG_NewOppByAgency.xml
Grants,Grants.gov,Grants New Opportunity List by Category,http://www.grants.gov/rss/GG_NewOppByCategory.xml
Sports,ESPN,Gregg Easterbrook     ,http://search.espn.go.com/rss/gregg-easterbrook/   
YouTube,NBC,Grimm,https://gdata.youtube.com/feeds/base/users/nbcgrimm/uploads
YouTube,NBC,Hannibal,https://gdata.youtube.com/feeds/base/users/nbcHannibal/uploads
News,MSNBC,Hardball with Chris Matthews,http://www.msnbc.com/feeds/rss/show/13264
News,BBC,Have Your Say,http://feeds.bbci.co.uk/news/have_your_say/rss.xml?edition=uk
YouTube,CBS,Hawaii Five-0,https://gdata.youtube.com/feeds/base/users/HawaiiFiveO/uploads
Science,ScienceDaily,Headlines,http://feeds.sciencedaily.com/sciencedaily
Video,BBC,Health,http://feeds.bbci.co.uk/news/video_and_audio/technology/rss.xml?edition=uk
Video,BBC,Health,http://feeds.bbci.co.uk/news/video_and_audio/health/rss.xml?edition=uk
News,BBC,Health,http://feeds.bbci.co.uk/news/health/rss.xml?edition=uk
Health,AP,Health,http://hosted2.ap.org/atom/APDEFAULT/bbd825583c8542898e6fa7d440b9febc
Health,CBS News,Health,http://www.cbsnews.com/latest/rss/health        
Health,Fox,Health ,http://feeds.foxnews.com/foxnews/health?format=xml
Health,USNews.com,Health ,http://www.usnews.com/rss/health
Health,USNews.com,Health ,http://www.usnews.com/rss/health
Health,FDA.gov,Health Fraud RSS Feed,http://www.fda.gov/AboutFDA/ContactFDA/StayInformed/RSSFeeds/HealthFraud/rss.xml
Health,The Hill,Healthcare,http://thehill.com/taxonomy/term/33/feed
Finance,Forbes,Healthcare,http://www.forbes.com/healthcare/index.xml
Sports,ESPN,Heather-Dinich   ,http://search.espn.go.com/rss/heather-dinich/   
Health,MedPage Today,Hematology/Oncology,http://www.medpagetoday.com/rss/HematologyOncology.xml
Political,Library of Congress,Hispanic Division News and Events,http://www.loc.gov/rss/hispanic/news.xml
Health,MedPage Today,HIV/AIDS,http://www.medpagetoday.com/rss/HIVAIDS.xml
Video,BBC,Home,http://feeds.bbci.co.uk/news/rss.xml?edition=uk
News,Sky,Home,http://news.sky.com/feeds/rss/home.xml
News,New York Times,Home Page ,http://feeds.nytimes.com/nyt/rss/HomePage
Sports,ESPN,Horse Racing Headlines   ,http://sports.espn.go.com/espn/rss/horse/news
Health,MedPage Today,Hospital Based Medicine,http://www.medpagetoday.com/rss/HospitalBasedMedicine.xml
News,The Hill,House,http://thehill.com/taxonomy/term/1131/feed
News,House.gov,House Committee on Veterans' Affairs,http://veterans.house.gov/rss.xml
Political,Library of Congress,House Floor Today,http://thomas.loc.gov/home/rss/housefloortoday.xml
News,House.gov,House Oversight & Government Reform,http://oversight.house.gov/feed/rss/
Sports,Major League Baseball,Houston Astros,http://mlb.mlb.com/partnerxml/gen/news/rss/hou.xml
YouTube,CBS,How I Met Your Mother ,https://gdata.youtube.com/feeds/base/users/howimetyourmother/uploads
News,HUD,HUD Press Releases,http://www.hud.gov/news/hudrss.xml
News,HUD,HUD USER - Comprehensive Housing Market Analysis,http://www.huduser.org/rss/chma.xml
News,HUD,HUD USER - What's New in Periodicals,http://www.huduser.org/rss/periodicals.xml
News,HUD,HUD USER - What's New in Publications,http://www.huduser.org/rss/pub.xml
News,HUD,HUD USER Fair Market Rents,http://www.huduser.org/rss/fmr.xml
News,HUD,HUD USER Income Limits,http://www.huduser.org/rss/il.xml
Entertainment,New Yorker,Humor,http://www.newyorker.com/feed/humor
Science,NASA,Image of the Day,http://www.nasa.gov/rss/image_of_the_day.rss
Weather,FEMA,Images,http://www.fema.gov/media-library/assets/images/rss.xml
Political,Library of Congress,In Custodia Legis: Law Librarians of Congress,http://blogs.loc.gov/law/feed/
News,The Hill,In The Know,http://thehill.com/taxonomy/term/48/feed
Political,Library of Congress,In The Muse: Performing Arts Blog,http://blogs.loc.gov/music/feed/
Health,MedPage Today,Infectious Disease,http://www.medpagetoday.com/rss/InfectiousDisease.xml
Technology,Ars Technica,Infinite Loop,http://feeds.arstechnica.com/arstechnica/apple?format=xml
Political,Library of Congress,"Inside Adams: Science, Technology & Business",http://blogs.loc.gov/inside_adams/feed/
Finance,Forbes,Intelligent Technology,http://www.forbes.com/intelligent-technology/index.xml
News,The Hill,International,http://thehill.com/taxonomy/term/43/feed
Finance,Market Watch,Internet Stories/Columns,http://www.marketwatch.com/rss/internet
Sports,ESPN,Ivan-Maisel   ,http://search.espn.go.com/rss/ivan-maisel/   
Sports,ESPN,J.A. Adande      ,http://search.espn.go.com/rss/j-a-adande/    
Opinion,The Hill,James Carville,http://thehill.com/taxonomy/term/2054/feed
Sports,ESPN,James Walker    ,http://search.espn.go.com/rss/james-walker/   
Opinion,USNews.com,Jamie Stiehm ,http://www.usnews.com/blogrss/Jamie-Stiehm
Sports,ESPN,Jay Bilas    ,http://search.espn.go.com/rss/jay-bilas/   
Sports,ESPN,Jayson-Stark,http://search.espn.go.com/rss/jayson-stark/   
Sports,NBA,Jazz News,http://www.nba.com/jazz/rss.xml
Sports,ESPN,Jeff Pearlman     ,http://search.espn.go.com/rss/jeff-pearlman/   
Sports,ESPN,Jeffri Chadiha    ,http://search.espn.go.com/rss/jeffri-chadiha/ 
Sports,ESPN,Jemele Hill     ,http://search.espn.go.com/rss/jemele-hill/    
Sports,ESPN,Jeremy Green    ,http://search.espn.go.com/rss/jeremy-green/   
Sports,ESPN,Jerry-Crasnick   ,http://search.espn.go.com/rss/jerry-crasnick/   
Sports,ESPN,Jim Caple     ,http://search.espn.go.com/rss/jim-caple/   
Sports,ESPN,Jim-Caple   ,http://search.espn.go.com/rss/jim-caple/  
Jobs,The Hill,Jobs,http://thehill.com/taxonomy/term/1057/feed
Jobs,Charlotte Observer,Jobs,http://www.charlotteobserver.com/static/topjobs/top_jobs.rss
Sports,ESPN,John Buccigross   ,http://search.espn.go.com/rss/john-buccigross/   
Sports,ESPN,John Clayton    ,http://search.espn.go.com/rss/john-clayton/  
Opinion,The Hill,John Feehery,http://thehill.com/taxonomy/term/1820/feed
Sports,ESPN,John Hollinger   ,http://search.espn.go.com/rss/john-hollinger/   
Sports,ESPN,Jonah Keri     ,http://search.espn.go.com/rss/jonah-keri/   
Opinion,The Hill,Juan Williams,http://thehill.com/taxonomy/term/1775/feed
Opinion,The Hill,Judd Gregg,http://thehill.com/taxonomy/term/1776/feed
Sports,Major League Baseball,Kansas City Royals,http://mlb.mlb.com/partnerxml/gen/news/rss/kc.xml
Sports,ESPN,KC Joyner    ,http://search.espn.go.com/rss/kc-joyner/  
Sports,ESPN,Keith Kidd    ,http://search.espn.go.com/rss/keith-kidd/   
Sports,ESPN,Keith-Law   ,http://search.espn.go.com/rss/keith-law/   
Sports,ESPN,Ken Moll ,http://search.espn.go.com/rss/ken-moll/   
Opinion,USNews.com,Ken Walsh's Washington ,http://www.usnews.com/blogrss/Ken-Walshs-Washington
Sports,ESPN,Kevin Seifert,http://search.espn.go.com/rss/kevin-seifert/   
Health,Consumer Product Safety  Commission,Kitchen and Dining Injury Statistics,http://www.cpsc.gov/en/Newsroom/CPSC-RSS-Feed/Kitchen-and-Dining-Injury-Statistics-/
Health,Consumer Product Safety  Commission,Kitchen and Dining Technical Reports,http://www.cpsc.gov/en/Newsroom/CPSC-RSS-Feed/Kitchen-and-Dining-/
Sports,ESPN,Kurt Snibbe   ,http://search.espn.go.com/rss/kurt-snibbe/   
Sports,ESPN,Kyle Whelliston ,http://search.espn.go.com/rss/kyle-whelliston/  
Health,MedPage Today,Lab Notes,http://www.medpagetoday.com/rss/LabNotes.xml
Opinion,The Hill,Lanny Davis,http://thehill.com/taxonomy/term/1537/feed
YouTube,NBC,Last Comic Standing,https://gdata.youtube.com/feeds/base/users/NBCLastComicStanding/uploads
YouTube,NBC,Late Night with Seth Meyers,https://gdata.youtube.com/feeds/base/users/LateNightSeth/uploads
YouTube,CBS,Late Show with David Letterman,https://gdata.youtube.com/feeds/base/users/TheLateShow/uploads
YouTube,NBC,LateNight,https://gdata.youtube.com/feeds/base/users/latenight/uploads
News,BBC,Latest,http://feeds.bbci.co.uk/news/system/latest_published_content/rss.xml
Finance,Forbes,Latest Headlines,http://www.forbes.com/real-time/feed2/
Health,MedPage Today,Latest Medical News,http://www.medpagetoday.com/rss/Headlines.xml
Technology,PC World,Latest News,http://feeds.pcworld.com/pcworld/latestnews
News,"WIST.com : Columbia, SC",Latest News,http://www.wistv.com/Global/category.asp?C=70687&clienttype=rss
Technology,Ars Technica,Law & Disorder,http://feeds.arstechnica.com/arstechnica/tech-policy?format=xml
YouTube,NBC,Law and Order: Special Victims Unit,https://gdata.youtube.com/feeds/base/users/nbclawandordersvu/uploads
Political,Library of Congress,Law Library of Congress: Global Legal Monitor,http://www.loc.gov/lawweb/glmfeed.xml
Political,Library of Congress,Law Library of Congress: News and Events,http://www.loc.gov/rss/law/news.xml
Political,Library of Congress,Law Library of Congress: News and Events,http://www.loc.gov/rss/law/news.xml
Political,Library of Congress,Law Library of Congress: Research Reports,http://www.loc.gov/rss/law/reports.xml
Political,U.S. Department of Defense,Lead Photos - U.S. Dept. of Defense,http://www.defense.gov/news/mrss_leadphotos.xml
Health,Consumer Product Safety  Commission,Lead Technical Report,http://www.cpsc.gov/en/Newsroom/CPSC-RSS-Feed/Lead-Technical-Report/
Finance,Forbes,Leadership,http://www.forbes.com/leadership/index.xml
Education,PBS,Learning Now,http://www.pbs.org/teachers/learning.now/rss2/index.xml
News,Utah.gov,Legislature News,http://le.utah.gov/rss/utleg.xml
Sports,ESPN,Len Pasquarelli    ,http://search.espn.go.com/rss/len-pasquarelli/  
YouTube,CBS,Let's Make A Deal,https://gdata.youtube.com/feeds/base/users/LetsMakeADealCBS/uploads
Opinion,The Hill,Letters,http://thehill.com/taxonomy/term/1115/feed
Entertainment,News.com.au,Lifestyle,http://feeds.news.com.au/public/rss/2.0/news_lifestyle_3171.xml
News,Deseret News,Local News,http://www.deseretnews.com/home/index.rss
News,The Spectrum,Local News,http://www.thespectrum.com/rssfeeds/topstories.xml
News,KSL,Local Stories,http://www.ksl.com/xml/148.rss
Sports,Major League Baseball,Los Angeles Angels of Anaheim,http://mlb.mlb.com/partnerxml/gen/news/rss/ana.xml
Sports,Major League Baseball,Los Angeles Dodgers,http://mlb.mlb.com/partnerxml/gen/news/rss/la.xml
Sports,ESPN,LZ Granderson     ,http://search.espn.go.com/rss/l-z-granderson/   
Technology,MacWorld,Macworld,http://rss.macworld.com/macworld/feeds/main
YouTube,CBS,Madam Secretary,https://gdata.youtube.com/feeds/base/users/MadamSecretaryCBS/uploads
News,BBC,Magazine,http://feeds.bbci.co.uk/news/magazine/rss.xml
Live Channels,Explore.org,Main,http://explore.org/rss/general/
Sports,ESPN,Marc Stein     ,http://search.espn.go.com/rss/marc-stein/   
Opinion,The Hill,Mark Mellman,http://thehill.com/taxonomy/term/1127/feed
Sports,ESPN,Mark Schlabach    ,http://search.espn.go.com/rss/mark-schlabach/   
Sports,ESPN,Mark-Schlabach   ,http://search.espn.go.com/rss/mark-schlabach/   
Podcasts,MarketWatch,Market Update,http://feeds.feedburner.com/marketwatch/podcasts/MarketWatchMarketUpdate
Finance,Market Watch,MarketPulse (brief up-to-the-minute market updates)  ,http://www.marketwatch.com/rss/marketpulse
Finance,Forbes,Markets,http://www.forbes.com/markets/index.xml
Finance,Forbes,Markets News,http://www.forbes.com/markets/index.xml
Opinion,The Hill,Markos Moulitsas,http://thehill.com/taxonomy/term/1128/feed
YouTube,NBC,Marry Me,https://gdata.youtube.com/feeds/base/users/NBCMarryMe/uploads
Sports,ESPN,Marwan Maalouf    ,http://search.espn.go.com/rss/marwan-maalouf/   
Sports,ESPN,Mary Buckheit     ,http://search.espn.go.com/rss/mary-buckheit/   
Sports,ESPN,Matt Mosley    ,http://search.espn.go.com/rss/matt-mosley/   
Sports,ESPN,Matt Williamson    ,http://search.espn.go.com/rss/matt-williamson/   
Sports,ESPN,Mechelle Voepel    ,http://search.espn.go.com/rss/mechelle-voepel/  
Health,FDA.gov,MedWatch Safety Alert RSS Feed,http://www.fda.gov/AboutFDA/ContactFDA/StayInformed/RSSFeeds/MedWatch/rss.xml
Health,MedPage Today,Meeting Coverage,http://www.medpagetoday.com/rss/MeetingCoverage.xml
Sports,ESPN,Mel Kiper    ,http://search.espn.go.com/rss/mel-kiper-jr/ 
YouTube,CBS,MetroLyrics,https://gdata.youtube.com/feeds/base/users/MetroLyricsClips/uploads
Sports,Major League Baseball,Miami Marlins,http://mlb.mlb.com/partnerxml/gen/news/rss/mia.xml
YouTube,CBS,Mike and Molly,https://gdata.youtube.com/feeds/base/users/cbsmikeandmolly/uploads
Sports,ESPN,Mike Sando,http://search.espn.go.com/rss/mike-sando/   
Sports,Major League Baseball,Milwaukee Brewers,http://mlb.mlb.com/partnerxml/gen/news/rss/mil.xml
Technology,Ars Technica,Ministry of Innovation,http://feeds.arstechnica.com/arstechnica/business?format=xml
Sports,Major League Baseball,Minnesota Twins,http://mlb.mlb.com/partnerxml/gen/news/rss/min.xml
Sports,ESPN,MLB Headlines   ,http://sports.espn.go.com/espn/rss/mlb/news
Sports,Major League Baseball,MLB News Index,http://mlb.mlb.com/partnerxml/gen/news/rss/mlb.xml
YouTube,CBS,MomCBS,https://gdata.youtube.com/feeds/base/users/MomCBS/uploads
Finance,News.com.au,Money,http://feeds.news.com.au/public/rss/2.0/news_money_505.xml
Finance,USNews.com,Money ,http://www.usnews.com/rss/money/index.rss
Finance,FDIC,Money Smart News - Recent Updates,https://public.govdelivery.com/topics/USFDIC_23/feed.rss
Podcasts,MarketWatch,"Money, Market, and More",http://feeds.marketwatch.com/marketwatch/podcasts/moneymarketsmore
Finance,CBS News,Moneywatch,http://www.cbsnews.com/latest/rss/moneywatch
News,MSNBC,Morning Joe,http://www.msnbc.com/feeds/rss/show/13322
Education,USNews.com,Morse Code: Inside the College Rankings,http://www.usnews.com/blogrss/college-rankings-blog
News,The Hill,Most Popular,http://thehill.com/rss/syndicator/19110
Entertainment,YouTube,Most Popular,https://gdata.youtube.com/feeds/api/standardfeeds/most_popular
Finance,Forbes,Most Popular Stories,http://www.forbes.com/feeds/popstories.xml
News,HUD,Most Recent Fair Housing Enforcement Activity,http://www.hud.gov/offices/fheo/fheorss.xml
News,HUD,Multifamily Housing - What's New in the Northwest,http://www.hud.gov/local/shared/working/r10/mf/r10mfrss.xml
Health,Consumer Product Safety  Commission,Multimedia RSS,http://www.cpsc.gov/en/Newsroom/CPSC-RSS-Feed/Multimedia-RSS/
Political,Library of Congress,Music Division Concerts,http://www.loc.gov/rss/music/concerts.xml
Political,Library of Congress,Music Division Concerts,http://www.loc.gov/rss/music/concerts.xml
Finance,Market Watch,Mutual Funds,http://www.marketwatch.com/rss/mutualfunds
Finance,USNews.com,My Money ,http://money.usnews.com/money/blogs/my-money
News,USNews.com,Nation & World ,http://www.usnews.com/rss/news
News,Fox ,National ,http://feeds.foxnews.com/foxnews/national?format=xml
Entertainment,National Geographic,National Geographic Adventure,http://www.nationalgeographic.com/adventure/nga.xml
News,"WIST.com : Columbia, SC",National News,http://www.wistv.com/Global/category.asp?C=70691&clienttype=rss
News,News.com.au,National news,http://feeds.news.com.au/public/rss/2.0/news_national_3354.xml
Sports,ESPN,NBA Headlines   ,http://sports.espn.go.com/espn/rss/nba/news
YouTube,CBS,NCIS,https://gdata.youtube.com/feeds/base/users/Ncis/uploads
YouTube,CBS,NCIS: Los Angeles,https://gdata.youtube.com/feeds/base/users/NCISLosAngelesCBS/uploads
Health,MedPage Today,Nephrology,http://www.medpagetoday.com/rss/Nephrology.xml
Health,MedPage Today,Neurology,http://www.medpagetoday.com/rss/Neurology.xml
Political,Library of Congress,New on the Web Site,http://www.loc.gov/rss/pao/web.xml
Political,Library of Congress,New Webcasts,http://www.loc.gov/rss/pao/webcasts.xml
Sports,Major League Baseball,New York Mets,http://mlb.mlb.com/partnerxml/gen/news/rss/nym.xml
Sports,Major League Baseball,New York Yankees,http://mlb.mlb.com/partnerxml/gen/news/rss/nyy.xml
Science,Nature.com,News,http://feeds.nature.com/nature/rss/current
Political,Library of Congress,News,http://www.loc.gov/rss/pao/news.xml
News,Fox ,News,http://feeds.foxnews.com/foxnews/latest?format=xml
News,NBC ,News,http://feeds.nbcnews.com/feeds/topstories
News,The Hill,News,http://thehill.com/rss/syndicator/19109
Education,Utah Education Network,News,http://www.uen.org/feeds/rss/news.xml.php
News,USAToday,News - Top Stories,http://rssfeeds.usatoday.com/usatoday-NewsTopStories
Health,Consumer Product Safety  Commission,News & Recalls RSS,http://www.cpsc.gov/en/Newsroom/CPSC-RSS-Feed/News--Recalls-RSS/
Podcasts,MarketWatch,News Break,http://feeds.feedburner.com/marketwatch/podcasts/MarketWatchNewsBreak
News,Nutrition.gov,News Feed,http://app.feeddigest.com/digest3/VUL4G0YHXW.rss
Political,Library of Congress,News for Teachers,http://www.loc.gov/rss/teachers/news.xml
News,HUD,News from Region III,http://www.hud.gov/local/shared/news/r3/r3newsrss.xml
News,HUD,News from Region VII,http://www.hud.gov/local/shared/news/r7/r7newsrss.xml
News,HUD,News from Region VIII,http://www.hud.gov/local/shared/news/r8/r8newsrss.xml
Political,Library of Congress,News from the John W. Kluge Center,http://www.loc.gov/rss/kluge/news.xml
Political,Library of Congress,News from the Music Division,http://www.loc.gov/rss/music/news.xml
News,National Archives,News from the National Archives,http://www.archives.gov/news/rss.php
Video,BBC,News front page,http://feeds.bbci.co.uk/news/video_and_audio/news_front_page/rss.xml?edition=uk
News,Utah.gov,News Provider,http://www.utah.gov/whatsnew/rss.xml
Political,U.S. Department of Defense,News Release - U.S. Dept. of Defense,http://www.defense.gov/news/rss_releases2.xml
Weather,FEMA,News Releases,http://www.fema.gov/data/news.rss
Health,Consumer Product Safety  Commission,News RSS,http://www.cpsc.gov/en/Newsroom/CPSC-RSS-Feed/News-RSS/
News,"WIST.com : Columbia, SC",News Video,http://www.wistv.com/Global/category.asp?C=67008&clienttype=rssvideo
News,Wall Street Journal,News Videos,http://feeds.wsjonline.com/wsj/video/news/feed
News,HUD,News-to-Use from Region VIII Office of Multifamily Housing,http://www.hud.gov/local/shared/working/r8/mf/r8mfrss.xml
News,HUD,News-to-Use from Region VIII Office of Public Housing,http://www.hud.gov/local/shared/working/r8/ph/r8phrss.xml
Finance,Market Watch,Newsletters & Research,http://www.marketwatch.com/rss/newslettersandresearch
Sports,ESPN,NFC East,http://espn.go.com/blog/feed?blog=nfceast   
Sports,ESPN,NFC North,http://espn.go.com/blog/feed?blog=nfcnorth   
Sports,ESPN,NFC South,http://espn.go.com/blog/feed?blog=nfcsouth   
Sports,ESPN,NFC West,http://espn.go.com/blog/feed?blog=nfcwest   
Sports,ESPN,NFL Headlines   ,http://sports.espn.go.com/espn/rss/nfl/news
Sports,ESPN,NFL Nation,http://espn.go.com/blog/feed?blog=nflnation
Sports,ESPN,NHL Headlines   ,http://sports.espn.go.com/espn/rss/nhl/news
Political,Library of Congress,NLS Music Notes,http://blogs.loc.gov/nls-music-notes/feed/
Political,Library of Congress,NLS Music Notes,http://blogs.loc.gov/nls-music-notes/feed/
Video,BBC,Northern Ireland,http://feeds.bbci.co.uk/news/northern_ireland/rss.xml?edition=uk
News,PBS,Nova,http://www.pbs.org/wgbh/nova/rss/nova.xml
Political,Library of Congress,Now See Hear!,http://blogs.loc.gov/now-see-hear/feed/
Health,MedPage Today,Nursing,http://www.medpagetoday.com/rss/nursing.xml
Finance,NYSE,NYSE Hybrid Market Blog,http://feeds2.feedburner.com/hybridtalk
Finance,NYSE,NYSE System Status Notifications,http://markets.nyx.com//content/msa/all/rss.xml
Finance,NYSE,NYSE Trader Updates (All),http://markets.nyx.com//content/msa_traderupdates/all/all/rss.xml
Finance,NYSE,NYSE.com Financial News Releases,http://feeds2.feedburner.com/NysecomFinancialNewsReleases
Finance,NYSE,NYSE.com Indexes and ETFs News Releases,http://feeds2.feedburner.com/NysecomIndexesAndEtfsNewsReleases
Finance,NYSE,NYSE.com International News Releases,http://feeds2.feedburner.com/NysecomInternationalNewsReleases
Finance,NYSE,NYSE.com New Listings News Releases,http://feeds2.feedburner.com/NysecomNewListingsNewsReleases
Finance,NYSE,NYSE.com News Releases (All NYSE + NYSE Regulation news),http://feeds2.feedburner.com/nyse/FmBb
Finance,NYSE,NYSE.com NYSE Technologies News Releases,http://feeds2.feedburner.com/NyseTechnologiesNewsreleases
Finance,NYSE,NYSE.com Other News Releases,http://feeds2.feedburner.com/NysecomOtherNewsReleases
Finance,NYSE,NYSE.com Personnel News Releases,http://feeds2.feedburner.com/NysecomPersonnelNewsReleases
Finance,NYSE,NYSE.com Products and Services News Releases,http://feeds2.feedburner.com/NysecomProductsAndServicesNewsReleases
Finance,NYSE,NYSE.com Program Trading News Releases,http://feeds2.feedburner.com/NysecomProgramTrading
Finance,NYSE,NYSE.com Rule Proposals News Releases,http://feeds2.feedburner.com/NysecomRuleProposalsNewsReleases
Finance,NYSE,NYSE.com Trading Data News Releases,http://feeds2.feedburner.com/NysecomTradingDataNewsReleases
Finance,NYSE,NYSE.com Unusual Trading News Releases,http://feeds2.feedburner.com/NysecomUnusualTradingNewsReleases
Finance,NYSE,NYSERegulation.com Disciplinary Actions&nbsp;News Releases,http://feeds2.feedburner.com/NyseregulationcomDisciplinaryActionsNewsReleases
Finance,NYSE,NYSERegulation.com Regulation News Releases (All NYSE Regulation news),http://feeds2.feedburner.com/NyseregulationcomNewsReleases
Finance,NYSE,NYSERegulation.com Reviews and Suspensions News Releases,http://feeds2.feedburner.com/NyseregulationcomReviewsAndSuspensionsNewsReleases
Sports,Major League Baseball,Oakland Athletics,http://mlb.mlb.com/partnerxml/gen/news/rss/oak.xml
Health,MedPage Today,OB/GYN,http://www.medpagetoday.com/rss/OBGYN.xml
Entertainment,CBS News,Offbeat,http://www.cbsnews.com/latest/rss/strange
Finance,FDIC,Office of Inspector General Reports - Recent Updates,https://public.govdelivery.com/topics/USFDIC_18/feed.rss
Political,Whitehouse.gov,Office of Management and Budget Memoranda,http://www.whitehouse.gov/sites/default/files/omb/rss/ombmemos.xml
Political,Whitehouse.gov,Office of Management and Budget News,http://www.whitehouse.gov/sites/default/files/omb/rss/ombnews.xml
Political,Whitehouse.gov,Office of Management and Budget SAPs,http://www.whitehouse.gov/sites/default/files/omb/rss/ombsaps.xml
Health,Consumer Product Safety  Commission,Older Adults Injury Statistics,http://www.cpsc.gov/en/Newsroom/CPSC-RSS-Feed/Older-Adults-Injury-Statistics-/
Sports,ESPN,Olympic Sports Headlines   ,http://sports.espn.go.com/espn/rss/oly/news
Finance,USNews.com,On Careers ,http://www.usnews.com/blogrss/outside-voices-careers
Health,Consumer Product Safety  Commission,OnSafety,http://www.cpsc.gov/onsafety/feed/
Opinion,The Hill,Op-Ed,http://thehill.com/taxonomy/term/1116/feed
Political,Library of Congress,Operating Hours at the Library,http://www.loc.gov/rss/pao/ophours.xml
Health,MedPage Today,Ophthalmology,http://www.medpagetoday.com/rss/Ophthalmology.xml
Opinion,CBS News,Opinion,http://www.cbsnews.com/feeds/rss/opinion.rss
Opinion,USNews.com,Opinion ,http://www.usnews.com/rss/opinion
Finance,Forbes,Opinions,http://www.forbes.com/opinions/index.xml
Technology,Ars Technica,Opposable Thumbs,http://feeds.arstechnica.com/arstechnica/gaming?format=xml
Finance,Forbes,Options,http://www.forbes.com/options/index.xml
Health,FDA.gov,ORA Reading Room RSS Feed,http://www.fda.gov/AboutFDA/ContactFDA/StayInformed/RSSFeeds/ORAFOIAElectronicReadingRoomRSSFeed/rss.xml
Health,MedPage Today,Orthopedics,http://www.medpagetoday.com/rss/Orthopedics.xml
Health,Consumer Product Safety  Commission,Other Sports Technical Reports,http://www.cpsc.gov/en/Newsroom/CPSC-RSS-Feed/Other-Sports-Technical-Reports-/
Sports,ESPN,Pac-12,http://espn.go.com/blog/feed?blog=pac12   
Health,MedPage Today,Pain Management,http://www.medpagetoday.com/rss/PainManagement.xml
YouTube,NBC,Parks and Recreation,https://gdata.youtube.com/feeds/base/users/nbcParksandRec/uploads
Sports,ESPN,Pat Forde    ,http://search.espn.go.com/rss/pat-forde/   
Sports,ESPN,Pat Yasinskas  ,http://search.espn.go.com/rss/pat-yasinskas/   
Sports,ESPN,Pat-Forde,http://search.espn.go.com/rss/pat-forde/   
Health,MedPage Today,Pathology,http://www.medpagetoday.com/rss/Pathology.xml
Sports,ESPN,Patrick Hruby     ,http://search.espn.go.com/rss/patrick-hruby/   
Sports,ESPN,Paul Kuharsky   ,http://search.espn.go.com/rss/paul-kuharsky/ 
Sports,ESPN,Paul Lukas     ,http://search.espn.go.com/rss/paul-lukas/   
Health,MedPage Today,Pediatrics,http://www.medpagetoday.com/rss/Pediatrics.xml
YouTube,CBS,Person of Interest,https://gdata.youtube.com/feeds/base/users/PersonofInterest/uploads
Finance,Forbes,Personal Finance,http://www.forbes.com/finance/index.xml
Finance,Market Watch,Personal Finance Stories/Columns,http://www.marketwatch.com/rss/pf
Health,FDA.gov,Pet Health RSS Feed,http://www.fda.gov/AboutFDA/ContactFDA/StayInformed/RSSFeeds/PetHealth/rss.xml
Opinion,USNews.com,Peter Roff ,http://www.usnews.com/blogrss/peter-roff
Sports,Major League Baseball,Philadelphia Phillies,http://mlb.mlb.com/partnerxml/gen/news/rss/phi.xml
Live Channels,Explore.org,Photo Collections,http://explore.org/rss/photo-collections/
Political,U.S. Department of Defense,Photo Essay Photos - U.S. Dept. of Defense,http://www.defense.gov/news/mrss_photoessays.xml
Political,Whitehouse.gov,Photo Gallery Feed,http://www.whitehouse.gov/feed/media/photo-gallery
Live Channels,Explore.org,Photos,http://explore.org/rss/photos/
Health,Consumer Product Safety  Commission,Phthalates Technical Reports,http://www.cpsc.gov/en/Newsroom/CPSC-RSS-Feed/Phthalates-Technical-Reports-/
Political,Library of Congress,Picture This: Library of Congress Prints & Photos,http://blogs.loc.gov/picturethis/feed/
Political,Library of Congress,Picture This: Library of Congress Prints & Photos,http://blogs.loc.gov/picturethis/feed/
Photos,Time,Pictures of the Week,http://feeds.feedburner.com/time/potw
Sports,Major League Baseball,Pittsburgh Pirates,http://mlb.mlb.com/partnerxml/gen/news/rss/pit.xml
Finance,USNews.com,Planning to Retire ,http://www.usnews.com/blogrss/planning-to-retire
Health,Consumer Product Safety  Commission,Playground Technical Reports,http://www.cpsc.gov/en/Newsroom/CPSC-RSS-Feed/Playground-Technical-Reports/
Political,Library of Congress,Poetry & Literature Events,http://www.loc.gov/rss/poetry/events.xml
Political,Library of Congress,Poetry & Literature Events,http://www.loc.gov/rss/poetry/events.xml
Political,Library of Congress,Poetry 180,http://www.loc.gov/rss/poetry/180.xml
Sports,ESPN,Poker Headlines  ,http://search.espn.go.com/rss/poker/
News,AP,Politics,http://hosted2.ap.org/atom/APDEFAULT/89ae8247abe8493fae24405546e9a1aa
News,BBC,Politics,http://feeds.bbci.co.uk/news/politics/rss.xml?edition=uk
News,CBS News,Politics,http://www.cbsnews.com/latest/rss/politics
News,Sky,Politics,http://news.sky.com/feeds/rss/politics.xml
News,Fox ,Politics ,http://feeds.foxnews.com/foxnews/politics?format=xml
News,MSNBC,PoliticsNation with Al Sharpton,http://www.msnbc.com/feeds/rss/show/13253
Health,MedPage Today,Practice Management,http://www.medpagetoday.com/rss/PracticeManagement.xml
Political,Whitehouse.gov,President Obama's Weekly Address,http://www.whitehouse.gov/podcast/video/weekly-addresses/rss.xml
Political,Whitehouse.gov,President Obama's Weekly Address (Audio),http://www.whitehouse.gov/podcast/audio/weekly-addresses/rss.xml
Political,U.S. Department of Defense,Press Advisory - U.S. Dept. of Defense,http://www.defense.gov/news/rss_advisories2.xml
Political,Whitehouse.gov,Press Office Feed,http://www.whitehouse.gov/feed/press
Political,Democratic Whip,Press Releases,http://www.democraticwhip.gov/rss/23/all
Live Channels,Explore.org,Press Releases,http://explore.org/rss/press-releases/
Finance,FDIC,Press Releases - Recent Updates,https://public.govdelivery.com/topics/USFDIC_26/feed.rss
Health,MedPage Today,Primary Care,http://www.medpagetoday.com/rss/PrimaryCare.xml
Health,MedPage Today,Product Alert,http://www.medpagetoday.com/rss/ProductAlert.xml
Health,MedPage Today,Psychiatry,http://www.medpagetoday.com/rss/Psychiatry.xml
Health,Consumer Product Safety  Commission,Public Calendar RSS,http://www.cpsc.gov/en/Newsroom/CPSC-RSS-Feed/Public-Calendar-RSS/
Health,MedPage Today,Public Health & Policy,http://www.medpagetoday.com/rss/PublicHealthPolicy.xml
Health,MedPage Today,Pulmonology,http://www.medpagetoday.com/rss/Pulmonology.xml
YouTube,CBS,Radio.com ,https://gdata.youtube.com/feeds/base/users/radiodotcom/uploads
Health,MedPage Today,Radiology,http://www.medpagetoday.com/rss/Radiology.xml
Finance,News.com.au,Real estate,http://feeds.news.com.au/public/rss/2.0/news_realestate_2969.xml
Finance,Market Watch,Real-time headlines,http://www.marketwatch.com/rss/realtimeheadlines
Health,USA.gov,Recalls Feed,http://api.usa.gov/recalls/recent.rss
Health,Consumer Product Safety  Commission,Recalls RSS,http://www.cpsc.gov/en/Newsroom/CPSC-RSS-Feed/Recalls-RSS/
YouTube,CBS,Reckless,https://gdata.youtube.com/feeds/base/users/RecklessCBS/uploads
Weather,FEMA,Region I News,http://www.fema.gov/news/news_region-i.rss
Weather,FEMA,Region II News,http://www.fema.gov/news/news_region-ii.rss
Weather,FEMA,Region III News,http://www.fema.gov/news/news_region-iii.rss
Weather,FEMA,Region IV News,http://www.fema.gov/news/news_region-iv.rss
Weather,FEMA,Region IX News,http://www.fema.gov/news/news_region-ix.rss
Weather,FEMA,Region V News,http://www.fema.gov/news/news_region-v.rss
Weather,FEMA,Region VI News,http://www.fema.gov/news/news_region-vi.rss
Weather,FEMA,Region VII News,http://www.fema.gov/news/news_region-vii.rss
Weather,FEMA,Region VIII News,http://www.fema.gov/news/news_region-viii.rss
Weather,FEMA,Region X News,http://www.fema.gov/news/news_region-x.rss
News,The Hill,Regulation,http://thehill.com/taxonomy/term/49/feed
News,Reuters,Reuters: Top News,http://feeds.reuters.com/reuters/topNews
Health,MedPage Today,Rheumatology,http://www.medpagetoday.com/rss/Rheumatology.xml
Sports,ESPN,Rich Bucher   ,http://search.espn.go.com/rss/rich-bucher/   
Technology,Ars Technica,Risk Assessment,http://feeds.arstechnica.com/arstechnica/security?format=xml
Sports,ESPN,Rob-Neyer   ,http://search.espn.go.com/rss/rob-neyer/   
Opinion,USNews.com,Robert Schlesinger ,http://www.usnews.com/blogrss/robert-schlesinger
Health,Consumer Product Safety  Commission,Robinson Statements,http://www.cpsc.gov/en/Newsroom/CPSC-RSS-Feed/Robinson-Statements/
Weather,FEMA,RSS Feed,http://www.fema.gov/media-library/assets/rss.xml
Finance,Forbes,Sales Leadership,http://www.forbes.com/sales-leadership/index.xml
News,Salt Lake Tribune,Salt Lake Tribune: Utah,http://www.sltrib.com/csp/cms/sites/sltrib/RSS/rssvalid.csp?cat=All
Sports,ESPN,Sam Alipour     ,http://search.espn.go.com/rss/sam-alipour/   
Sports,Major League Baseball,San Diego Padres,http://mlb.mlb.com/partnerxml/gen/news/rss/sd.xml
Sports,Major League Baseball,San Francisco Giants,http://mlb.mlb.com/partnerxml/gen/news/rss/sf.xml
YouTube,NBC,Saturday Night Live,https://gdata.youtube.com/feeds/base/users/SaturdayNightLive/uploads
Science,CBS News,Sci-Tech,http://www.cbsnews.com/latest/rss/tech
Technology,AP,Science,http://hosted2.ap.org/atom/APDEFAULT/b2f0ca3a594644ee9e50a8ec4ce2d6de
Science,USNews.com,Science ,http://www.usnews.com/rss/science
Science,USNews.com,Science ,http://www.usnews.com/rss/science 
News,BBC,Science & Environment,http://feeds.bbci.co.uk/news/science_and_environment/rss.xml?edition=uk
Technology,Ars Technica,Scientific Method,http://feeds.arstechnica.com/arstechnica/science?format=xml
Technology,Fox,SciTech ,http://feeds.foxnews.com/foxnews/scitech?format=xml
Sports,ESPN,Scoop Jackson     ,http://search.espn.go.com/rss/scoop-jackson/   
YouTube,CBS,Scorpion,https://gdata.youtube.com/feeds/base/users/CBSScorpion/uploads
Video,BBC,Scotland,http://feeds.bbci.co.uk/news/video_and_audio/scotland/rss.xml?edition=uk
Video,BBC,Scotland,http://feeds.bbci.co.uk/news/scotland/rss.xml?edition=uk
Sports,ESPN,Scott Burnside   ,http://search.espn.go.com/rss/scott-burnside/   
Sports,Major League Baseball,Seattle Mariners,http://mlb.mlb.com/partnerxml/gen/news/rss/sea.xml
Sports,ESPN,SEC,http://espn.go.com/blog/feed?blog=sec   
Health,USNews.com,Second Opinion ,http://www.usnews.com/blogrss/second-opinion
Political,U.S. Department of Defense,Secretary of Defense Speeches,http://www.defense.gov/news/rss_secdef_speeches2.xml
Finance,Forbes,Security,http://www.forbes.com/security/index.xml
News,The Hill,Senate,http://thehill.com/taxonomy/term/1130/feed
Political,Library of Congress,Senate Floor Today,http://thomas.loc.gov/home/rss/senatefloortoday.xml
Sports,ESPN,Seth Wickersham    ,http://search.espn.go.com/rss/seth-wickersham/ 
Entertainment,FeedBurner ,Slick-Deals,http://feeds.feedburner.com/SlickdealsnetForums-7
YouTube,CBS,Smithsonian Channel,https://gdata.youtube.com/feeds/base/users/smithsonianchannel/uploads
Finance,Market Watch,Software Stories/Columns,http://www.marketwatch.com/rss/software
Weather,NOAA,SPC Convective Outlooks,http://www.spc.noaa.gov/products/spcacrss.xml
Weather,NOAA,SPC Fire Weather Outlooks,http://www.spc.noaa.gov/products/spcfwrss.xml
Weather,NOAA,SPC Forecast Products,http://www.spc.noaa.gov/products/spcrss.xml
Weather,NOAA,SPC Mesoscale Discussions,http://www.spc.noaa.gov/products/spcmdrss.xml
Weather,NOAA,SPC Tornado/Severe Thunderstorm Watches,http://www.spc.noaa.gov/products/spcwwrss.xml
News,Speaker.gov,Speaker.gov,http://www.speaker.gov/rss.xml
Finance,FDIC,Special Alerts - Recent Updates,https://public.govdelivery.com/topics/USFDIC_9/feed.rss
Political,U.S. Department of Defense,Speeches,http://www.defense.gov/news/rss_speeches2.xml
Finance,FDIC,Speeches & Testimony - Recent Updates,https://public.govdelivery.com/topics/USFDIC_28/feed.rss
Sports,News.com.au,Sport,http://feeds.news.com.au/public/rss/2.0/news_sport_3168.xml
Sports,AP,Sports,http://hosted2.ap.org/atom/APDEFAULT/347875155d53465d95cec892aeb06419
Sports,NBC,Sports,http://www.nbcsports.com/rss/section/all/feed
Sports,New York Times,Sports,http://feeds1.nytimes.com/nyt/rss/Sports
Sports,"WIST.com : Columbia, SC",Sports,http://www.wistv.com/Global/category.asp?C=70690&clienttype=rss
Sports,Yahoo,Sports - Top News,http://sports.yahoo.com/top/rss.xml
Sports,Sports Illustrated,Sports Illustrated,http://rss.cnn.com/rss/si_topstories.rss
Finance,Forbes,Sports Money,http://www.forbes.com/sportsmoney/index.xml
Technology,YouTube,Spring Integration Java,http://youtube.com/rss/tag/spring+integration+java+.rss
Sports,Major League Baseball,St. Louis Cardinals,http://mlb.mlb.com/partnerxml/gen/news/rss/stl.xml
Technology,Ars Technica,Staff,http://feeds.arstechnica.com/arstechnica/staff-blogs?format=xml
YouTube,CBS,Stalker,https://gdata.youtube.com/feeds/base/users/StalkerCBS/uploads
YouTube,CBS,Star Trek ,https://gdata.youtube.com/feeds/base/users/startrek/uploads
YouTube,NBC,State of Affairs,https://gdata.youtube.com/feeds/base/users/NBCStateOfAffairs/uploads
Sports,ESPN,Stephen A. Smith     ,http://search.espn.go.com/rss/stephen-a-amith/   
Sports,ESPN,Steve-Phillips   ,http://search.espn.go.com/rss/steve-phillips/   
Podcasts,MarketWatch,Stock Talk,http://feeds.marketwatch.com/marketwatch/podcasts/marketwatchmorningstocktalk
Finance,Market Watch,Stocks to Watch,http://www.marketwatch.com/rss/StockstoWatch
Entertainment,AP,Strange,http://hosted2.ap.org/atom/APDEFAULT/aa9398e6757a46fa93ed5dea7bd3729e
News,Sky,Strange News,http://news.sky.com/feeds/rss/strange.xml
Finance,FDIC,Summary of Deposits,https://public.govdelivery.com/topics/USFDIC_10/feed.rss
News,CBS News,Sunday Morning,http://www.cbsnews.com/latest/rss/sunday-morning        
Technology,SurfNetKids.com,Surfing the Net with Kids,http://feeds.surfnetkids.com/SurfingTheNetWithKids
Health,MedPage Today,Surgery,http://www.medpagetoday.com/rss/Surgery.xml
YouTube,CBS,SurvivorOnCBS,https://gdata.youtube.com/feeds/base/users/SurvivorOnCBS/uploads
Health,FDA.gov,Tainted Products That are Marketed as Dietary Supplements RSS Feed,http://www.fda.gov/AboutFDA/ContactFDA/StayInformed/RSSFeeds/TDS/rss.xml
Podcasts,MarketWatch,Take On Tech,http://feeds.marketwatch.com/marketwatch/podcasts/takeontech
Sports,Major League Baseball,Tampa Bay Rays,http://mlb.mlb.com/partnerxml/gen/news/rss/tb.xml
Political,Library of Congress,Teaching with the Library of Congress,http://blogs.loc.gov/teachers/feed/
Political,Library of Congress,Teaching with the Library of Congress,http://blogs.loc.gov/teachers/feed/
Technology,TechLearning,TechLEARNing.com,http://www.techlearning.com/RSS
Health,Consumer Product Safety  Commission,Technical Reports,http://www.cpsc.gov/en/Newsroom/CPSC-RSS-Feed/Technical-Reports/
Technology,AP,Technology,http://hosted2.ap.org/atom/APDEFAULT/495d344a0d10421e9baa8ee77029cfbd
Technology,The Hill,Technology,http://thehill.com/taxonomy/term/27/feed
Technology,New York Times,Technology,http://feeds.nytimes.com/nyt/rss/Technology
Technology,NPR,Technology,http://www.npr.org/rss/rss.php?id=1019
News,BBC,Technology,http://feeds.bbci.co.uk/news/technology/rss.xml?edition=uk
Finance,Forbes,Technology,http://www.forbes.com/technology/index.xml
Technology,Sky,Technology,http://news.sky.com/feeds/rss/technology.xml
Technology,News.com.au,Technology,http://feeds.news.com.au/public/rss/2.0/news_tech_506.xml
Technology,Ars Technica,Technology Lab,http://feeds.arstechnica.com/arstechnica/technology-lab?format=xml
Technology,Techworld,Techworld.com,http://rss.feedsportal.com/c/270/f/3547/index.rss
Sports,ESPN,Ted-Miller   ,http://search.espn.go.com/rss/ted-miller/   
Sports,ESPN,Tennis Headlines   ,http://sports.espn.go.com/espn/rss/tennis/news
Sports,ESPN,Terry Frei   ,http://search.espn.go.com/rss/terry-frei/   
Sports,Major League Baseball,Texas Rangers,http://mlb.mlb.com/partnerxml/gen/news/rss/tex.xml
YouTube,CBS,The Amazing Race,https://gdata.youtube.com/feeds/base/users/AmazingRace/uploads
Opinion,USNews.com,The Ballot 2014 ,http://www.usnews.com/blogrss/ballot-2014
YouTube,CBS,The Big Bang Theory,https://gdata.youtube.com/feeds/base/users/thebigbangtheory/uploads
YouTube,NBC,The Biggest Loser,https://gdata.youtube.com/feeds/base/users/nbcbiggestloser/uploads
YouTube,NBC,The Blacklist,https://gdata.youtube.com/feeds/base/users/NBCBlacklist/uploads
Photos,The Daily Puppy,The Daily Puppy,http://feeds.feedburner.com/TheDailyPuppy
Political,Democratic Whip,The Daily Whip,http://www.democraticwhip.gov/rss/32/all
News,MSNBC,The Ed Show,http://www.msnbc.com/feeds/rss/show/13315
Finance,USNews.com,The Frugal Shopper ,http://www.usnews.com/blogrss/the-frugal-shopper
YouTube,CBS,The Good Wife,https://gdata.youtube.com/feeds/base/users/thegoodwife/uploads
News,MSNBC,The Last Word with Lawrence O'Donnell,http://www.msnbc.com/feeds/rss/show/117671
YouTube,CBS,The Late Late Show with Craig Ferguson ,https://gdata.youtube.com/feeds/base/users/TheLateLateShow/uploads
Political,Library of Congress,The Library Shop -- Books and more,http://www.loc.gov/rss/shop/news.xml
YouTube,CBS,The McCarthys,https://gdata.youtube.com/feeds/base/users/TheMcCarthysCBS/uploads
YouTube,CBS,The Mentalist,https://gdata.youtube.com/feeds/base/users/CBSTheMentalist/uploads
Podcasts,Wall Street Journal,The Middle East,http://feeds.wsjonline.com/wsj/podcast_the_middle_seat
YouTube,CBS,The Millers,https://gdata.youtube.com/feeds/base/users/CBSTheMillers/uploads
Technology,Ars Technica,The Multiverse,http://feeds.arstechnica.com/arstechnica/multiverse?format=xml
YouTube,NBC,The Mysteries of Laura,https://gdata.youtube.com/feeds/base/users/TheMysteriesOfLaura/uploads
Podcasts,Wall Street Journal,The News Hub,http://feeds.wsjonline.com/wsj/podcast_the_news_hub
YouTube,NBC,The Night Shift,https://gdata.youtube.com/feeds/base/users/NBCTheNightShift/uploads
YouTube,CBS,The Price Is Right,https://gdata.youtube.com/feeds/base/users/thepriceisright/uploads
News,MSNBC,The Rachel Maddow Show,http://www.msnbc.com/feeds/rss/show/13348
Opinion,USNews.com,The Run 2016 ,http://www.usnews.com/blogrss/the-run-2016
Political,Library of Congress,The Signal: Digital Preservation,http://blogs.loc.gov/digitalpreservation/feed/
Political,Library of Congress,The Signal: Digital Preservation,http://blogs.loc.gov/digitalpreservation/feed/
Finance,USNews.com,The Smarter Investor ,http://www.usnews.com/blogrss/the-smarter-mutual-fund-investor
YouTube,NBC,The Voice,https://gdata.youtube.com/feeds/base/users/NBCTheVoice/uploads
Political,Democratic Whip,The Weekly Whip,http://www.democraticwhip.gov/rss/31/all
Podcasts,Wall Street Journal,This Week in Barron's,http://feeds.barrons.info/barrons/podcasts/thisweekinbarrons
Political,Library of Congress,THOMAS: Top Ten Legislative Items,http://thomas.loc.gov/home/rss/topten.xml
Sports,ESPN,Tim Keown     ,http://search.espn.go.com/rss/tim-keown/   
Sports,ESPN,Tim-Griffin   ,http://search.espn.go.com/rss/tim-griffin/   
Sports,ESPN,Tim-Kurkjian   ,http://search.espn.go.com/rss/tim-kurkjian/   
Health,Consumer Product Safety  Commission,Tip-Over Research and Statistics,http://www.cpsc.gov/en/Newsroom/CPSC-RSS-Feed/Tip-Over-Research-and-Statistics/
Health,Safercar.gov,Tires Recalls,http://www-odi.nhtsa.dot.gov/rss/feeds/rss_recalls_T.xml
Health,FDA.gov,Tobacco News RSS Feed,http://www.fda.gov/AboutFDA/ContactFDA/StayInformed/RSSFeeds/TobaccoNews/rss.xml
Health,FDA.gov,Tobacco Retailer RSS Feed,http://www.fda.gov/AboutFDA/ContactFDA/StayInformed/RSSFeeds/TobaccoRetailer/rss.xml
Entertainment,Hulu,Today,http://www.hulu.com/feed/popular/videos/today?cc_only=1
News,Washington Post,Today's Highlights,http://www.washingtonpost.com/rss/
Sports,ESPN,Todd McShay    ,http://search.espn.go.com/rss/todd-mcshay/   
Health,Consumer Product Safety  Commission,Tools Technical Report,http://www.cpsc.gov/en/Newsroom/CPSC-RSS-Feed/Tools-Technical-Report-/
Entertainment,DeadSpin ,Top,http://deadspin.com/top/index.xml
News,AP,Top Headlines,http://hosted2.ap.org/atom/APDEFAULT/3d281c11a96b4ad082fe88aa0db04305
Sports,ESPN,Top Headlines   ,http://sports.espn.go.com/espn/rss/news
News,Charlotte Observer,Top Local News,http://www.charlotteobserver.com/topstories/index.rss
Photos,Time,Top Photoessays,http://feeds.feedburner.com/time/photoessays
Kids,Time,Top Photoessays,http://feeds.feedburner.com/time/photoessays
Science,AP,Top Science News,http://hosted.ap.org/lineups/SCIENCEHEADS-rss_2.0.xml?SITE=OHLIM&SECTION=HOME
Sports,AP,Top Sports News,http://hosted.ap.org/lineups/SPORTSHEADS-rss_2.0.xml?SITE=VABRM&SECTION=HOME
Technology,Wired,Top Stories,http://feeds.wired.com/wired/index
News,CNN,Top Stories,http://rss.cnn.com/rss/cnn_topstories.rss
Finance,Market Watch,Top Stories,http://www.marketwatch.com/rss/topstories
News,CBS News,Top Stories,http://www.cbsnews.com/latest/rss/main
News,AP,Top U.S. News,http://hosted.ap.org/lineups/USHEADS-rss_2.0.xml?SITE=RANDOM&SECTION=HOME
Entertainment,NPR,Topics - Arts & Culture,http://www.npr.org/rss/rss.php?id=1008
Education,NPR,Topics: Education,http://www.npr.org/rss/rss.php?id=1013
Entertainment,NPR,Topics: Movies,http://www.npr.org/rss/rss.php?id=1045
News,NPR,Topics: News,http://www.npr.org/rss/rss.php?id=1001
Sports,Major League Baseball,Toronto Blue Jays,http://mlb.mlb.com/partnerxml/gen/news/rss/tor.xml
Health,Consumer Product Safety  Commission,Toy Technical Report,http://www.cpsc.gov/en/Newsroom/CPSC-RSS-Feed/Toy-Technical-Report-/
Political,U.S. Department of Defense,Transcript - U.S. Dept. of Defense,http://www.defense.gov/news/rss_transcripts2.xml
News,The Hill,Transportation,http://thehill.com/taxonomy/term/38/feed
Entertainment,News.com.au,Travel,http://feeds.news.com.au/public/rss/2.0/news_travel_3325.xml 
News,USNews.com,Travel ,http://travel.usnews.com/rss/
News,"WIST.com : Columbia, SC",Troubleshooter,http://www.wistv.com/Global/category.asp?C=70689&clienttype=rss
News,The Hill,Twitter Room,http://thehill.com/taxonomy/term/19/feed
YouTube,CBS,Two and a Half Men,https://gdata.youtube.com/feeds/base/users/TwoandaHalfMen/uploads
News,CBS News,U.S.,http://www.cbsnews.com/latest/rss/us
Political,Library of Congress,U.S. Copyright Office: Current Legislation,http://www.loc.gov/rss/copyright/legislation.xml
Political,Library of Congress,U.S. Copyright Office: Federal Register Notices,http://www.loc.gov/rss/copyright/fedreg.xml
Education,Ed.gov,U.S. Department of Education,http://www2.ed.gov/rss/edgov.xml
Video,BBC,UK,http://feeds.bbci.co.uk/news/video_and_audio/uk/rss.xml?edition=uk
Video,BBC,UK,http://feeds.bbci.co.uk/news/uk/rss.xml?edition=uk
News,Sky,UK,http://news.sky.com/feeds/rss/uk.xml
YouTube,NBC,Undateable,https://gdata.youtube.com/feeds/base/users/NBCUndateable/uploads
YouTube,CBS,Under The Dome ,https://gdata.youtube.com/feeds/base/users/SKUnderTheDome/uploads
YouTube,CBS,Undercover Boss,https://gdata.youtube.com/feeds/base/users/UndercoverBoss/uploads
YouTube,CBS,Unforgettable ,https://gdata.youtube.com/feeds/base/users/CBSUnforgettable/uploads
Finance,USMint,United States Mint Press Releases/Public Statements,http://www.usmint.gov/rss.xml
News,CBS News,Up to the Minute,http://feeds.cbsnews.com/CBSNewsUTTM
News,MSNBC,Up With Steve Kornacki,http://www.msnbc.com/feeds/rss/show/13227
Political,Library of Congress,Upcoming Events,http://www.loc.gov/rss/pao/events.xml
Health,MedPage Today,Urology,http://www.medpagetoday.com/rss/Urology.xml
News,Sky,US,http://news.sky.com/feeds/rss/us.xml
News,AP,US National,http://hosted2.ap.org/atom/APDEFAULT/386c25518f464186bf7a2ac026580ce7
Weather,NOAA,USGS Earthquake ShakeMaps,http://earthquake.usgs.gov/earthquakes/shakemap/rss.xml
News,New York Times,Utah,http://topics.nytimes.com/top/news/national/usstatesterritoriesandpossessions/utah/index.html?inline=nyt-geo&rss=1
Health,Safercar.gov,Vehicles Recalls,http://www-odi.nhtsa.dot.gov/rss/feeds/rss_recalls_V.xml
Political,Whitehouse.gov,Video Feed,http://www.whitehouse.gov/feed/media/video-audio
Weather,FEMA,Videos,http://www.fema.gov/media-library/assets/videos/rss.xml
Entertainment,NBC ,Videos,http://feeds.nbcnews.com/feeds/topvideo
Entertainment,Joe Rogan,Videos,http://www.ustream.tv/joerogan/videos.rss
News,BBC,Wales,http://feeds.bbci.co.uk/news/wales/rss.xml?edition=uk
Sports,Major League Baseball,Washington Nationals,http://mlb.mlb.com/partnerxml/gen/news/rss/was.xml
Health,MedPage Today,Washington Watch,http://www.medpagetoday.com/rss/Washington-Watch.xml
Opinion,USNews.com,Washington Whispers ,http://www.usnews.com/blogrss/washington-whispers
Podcasts,Wall Street Journal,Watching Your Wallet,http://feeds.wsjonline.com/wsj/podcast_watching_your_wallet
Weather,NBC,Weather,http://feeds.nbcnews.com/feeds/weather
Political,Library of Congress,Web Archiving,http://www.loc.gov/rss/webarch/updates.xml
Finance,FDIC,Weekly National Rates and Rate Caps - Recent Updates,https://public.govdelivery.com/topics/USFDIC_103/feed.rss
YouTube,NBC,Welcome to Sweden,https://gdata.youtube.com/feeds/base/users/NBCSweden/uploads
News,What Works Clearinghouse,What's New,http://ies.ed.gov/ncee/wwc/whatsnew/whatsnew_rss.asp
Political,Library of Congress,What's New at the U.S. Copyright Office,http://www.loc.gov/rss/copyright/rss.xml
News,HUD,What's New on HUDclips,http://www.hud.gov/offices/adm/hudclips/whatsnew/hudclipsrss.xml
Health,FDA.gov,What's New: Animal & Veterinary,http://www.fda.gov/AboutFDA/ContactFDA/StayInformed/RSSFeeds/AnimalVeterinary/rss.xml
Health,FDA.gov,What's New: Cosmetics RSS Feed,http://www.fda.gov/AboutFDA/ContactFDA/StayInformed/RSSFeeds/Cosmetics/rss.xml
Health,FDA.gov,What's New: Drugs RSS Feed,http://www.fda.gov/AboutFDA/ContactFDA/StayInformed/RSSFeeds/Drugs/rss.xml
Health,FDA.gov,What's New: Foods RSS Feed,http://www.fda.gov/AboutFDA/ContactFDA/StayInformed/RSSFeeds/Food/rss.xml
Health,FDA.gov,"What's New: Vaccines, Blood & Biologics RSS Feed",http://www.fda.gov/AboutFDA/ContactFDA/StayInformed/RSSFeeds/Biologics/rss.xml
Podcasts,Wall Street Journal,What's News,http://feeds.wsjonline.com/wsj/podcast_wall_street_journal_whats_news
Political,Democratic Whip,Whip's Report,http://www.democraticwhip.gov/rss/30/all
Political,Whitehouse.gov,White House Features,http://www.whitehouse.gov/podcast/video/white-house-features/rss.xml
Political,Whitehouse.gov,White House Press Briefings,http://www.whitehouse.gov/podcast/video/press-briefings/rss.xml
Political,Whitehouse.gov,White House Press Briefings (Audio),http://www.whitehouse.gov/podcast/audio/press-briefings/rss.xml
Political,Whitehouse.gov,White House Speeches,http://www.whitehouse.gov/podcast/video/speeches/rss.xml
Political,Whitehouse.gov,White House Speeches (Audio),http://www.whitehouse.gov/podcast/audio/speeches/rss.xml
Kids,Dictionary.com,Word of the Day,http://dictionary.reference.com/wordoftheday/wotd.rss
Video,BBC,World,http://feeds.bbci.co.uk/news/video_and_audio/world/rss.xml?edition=uk
Video,BBC,World,http://feeds.bbci.co.uk/news/world/rss.xml?edition=uk
News,AP,World,http://hosted2.ap.org/atom/APDEFAULT/cae69a7523db45408eeb2b3a98c0c9c5
News,CBS News,World,http://www.cbsnews.com/latest/rss/world
News,Sky,World,http://news.sky.com/feeds/rss/world.xml
News,Fox ,World Feed,http://feeds.foxnews.com/foxnews/world?format=xml
News,BBC,World News,http://feeds.bbci.co.uk/news/rss.xml
News,NBC,World News,http://feeds.nbcnews.com/feeds/worldnews
News,News.com.au,World news,http://feeds.news.com.au/public/rss/2.0/news_theworld_3356.xml
Podcasts,Wall Street Journal,WSJ on Small Business,http://feeds.wsjonline.com/wsj/podcast_wall_street_journal_on_small_business
Podcasts,Wall Street Journal,WSJ this Morning,http://feeds.wsjonline.com/wsj/podcast_wall_street_journal_this_morning
Podcasts,Wall Street Journal,Your Money Matters,http://feeds.wsjonline.com/wsj/podcast_your_money_matters
